url,label
"https://deangenealogy.com/",benign
"https://lyskyz.com/images/?app=3D3D3Dcom-d3&amp;us.battle.net/login/en/?=",phishing
"https://en.wikipedia.org/wiki/Jacques_Parizeau",benign
"https://sunshineyogafitness.com/SothebyRealty/login.html",phishing
"https://emotos.ru/admin/model/87yhb54cdfy.exe",phishing
"https://wn.com/Canada_national_basketball_team",benign
"https://speakproacademy.com/ssh/validate/revalidate.html?&amp;;.rand=13vqcr8bp0gud&amp;;lc=1033&amp;;id=64855&amp;;mkt=en-us&amp;;cbcxt=mai&amp;;snsc=1",phishing
"https://denositennis.gr/modules/mod_banners/smiles/update.htm",phishing
"https://imdb.com/name/nm0001417/",benign
"https://back9grillsantafe.com/",benign
"https://paypal.com.fr.cgi.bin.webscr.cmd.flow.session.odmngqfrsu.6pjf9g2ofm77xtknn3vhw.0l3hbz.zsnkph.xnst2fpwzayu.dispatch.5885d8.hellorobot.net/login.php",phishing
"https://eu.battle.net.qqwow.asia/login/en/login.html",phishing
"https://mulherdefe.com/do_ifnfo_pay/70748d211205cd083b9c/informations/service_pay/",phishing
"https://report.perrydale.com/ema/show.swf",phishing
"https://eskimofootball.com/",benign
"https://cps.ca.gov/",benign
"https://videosurf.com/videos/Tito+Lusiardo",benign
"https://magicwands.brightantenna.com/",benign
"https://www.beck-kituzo.hu/dkfdpqj",phishing
"https://partyeazy.com/JHgy64HJBRd?fDSVKtOEJD=hXekpRIFAN",phishing
"https://fouempire.com/libraries/eBaiISAPI.dll.htm?signin.ebay.co.uk/ws/eBayISAPI.dll?SignIn&ru=www.ebay.co.uk/",phishing
"https://xhtmljunction.com/resource/payment/Amazon/Billing_Center/login.php?action=billing_login=true&amp;_session;053b02b440b50fbe44fa0f7e7d0b0ff3053b02b440b50fbe44fa0f7e7d0b0ff3",phishing
"https://doc.cat-v.org/plan_9/2nd_edition/README",benign
"https://articlesbase.com/ask-an-expert-articles/eddy-merckx-3162548.html",benign
"https://maumeevp.org/da/cd/cd",phishing
"https://railsnw.com/Tours/canada/canada_train_montreal_toronto.htm",benign
"https://itowncom.net//revmentor.com/wp-admin/ssl/",phishing
"https://duckduckgo.com/1/c/Paraguayan_footballers",benign
"https://sports.yahoo.com/olympics/beijing/CAN/Marie+Pierre+Gagne/211726",benign
"https://beauty-plus.co.uk/cli/https:/atendimento/chamada.php?=WXZLGE89MWDMY22ER702NOKS95UHGTTCQTY787FU3TG1VIEMPONCC96LC13TTV7JP5QWB7QD18EVQSHFG6STEXEQXHKQDQA3V2Y78OK8VY3MRK29PT34RHUPYEFB6QD1RC8Y2R7XQ9JHSKPIERM69GU8VAI21W3S00QA2X8R6R0YBZGPR3V1JP8F1QG2NITWSK8THFLM7UKIU29L44LNTS3TJIU72O4T9AMPQ9BW3WFWXNI2Q4PKWREFA0MBXP561RURZ7O234Y1QH3HKS3HJGWUPJ6N0ASA2N21TP3WS2XJI113S4KCJG701BW0LPJNCLN7AP34R1M01NCSQW5ADAJDMGN968VHSJO40Q71RT0RHLJ8IOIVZ20LHXUN5P6W9T1HK7HB1R3HDMPVB8RA02VRYPF3FKZODZ7Y7O07FCOSZDOALFKVHGMF72HMMGA1GGYM59TKLIDKV2VHHGCYXZD52VQOC2OSINFNV08",phishing
"https://ovguide.com/movies_tv/ash_wednesday.htm",benign
"https://www.odbcsdk.com/products/openaccess/oledb_overview.asp",benign
"https://criterion.com/films/27621-chains",benign
"https://redwingslegends.blogspot.com/2008/02/gerard-gallant.html",benign
"https://perigee-eng.com/",benign
"https://citizendia.org/List_of_defunct_United_States_automobile_manufacturers",benign
"https://www.monsalvepromociones.com/paypal-com./us./webscrlcmdl./login.submit./dispatch./5885d80a13c0db1f8e263663d3faee8dcbcd55a50598f04d9273303713ba313/login.php",phishing
"https://nativedreams.multiply.com/journal",benign
"https://www.kompedandedektiflik.com/tmp/geek-boy.php",phishing
"https://director4u.com/wp-admin/maint/org",phishing
"https://performanceoutdooradvertising.com/folder/verify/document/095521c1685ce6d616adb72911d3782e",phishing
"https://freebase.com/view/en/walter_plunkett",benign
"https://9d345009-a-62cb3a1a-s-sites.googlegroups.com/site/stickamcomlogindo/login.html?amp\\%3Battredirects=2&amp;attachauth=ANoY7cqhjNLByTwQzWk4phDxGcNLOeSO35C9scBLZvax_QaJE3RIcqiIgVPSjvVlUVX3mmaZm-kbKeQsSeoePJHiIg4sQZFA13HImlwSHRd-B3WxiaK6fYEKS2ySGr6prAVpQvyElP2_ffT3naGYc6LJkQaYIDiSwimTPTNctuHE_-OPhQTMBZIYzGhoWN97RFf1Q8v7oDF9kaWGexsDlqmgTfKA2qgtag\\%3D\\%3D&amp;attredirects=0",phishing
"https://rootsweb.ancestry.com/~mojackso/elmwood.htm",benign
"https://cond.gribochechki.ru/1vmcl8l",phishing
"https://american-industry.com/goods/Silver/",benign
"https://www.hnqsfz.com/images/?us.battle.net/login/en/?ref=us.battle.net/d3/en/index&amp;amp;app=com-d3",phishing
"https://docs.google.com/forms/d/e/1FAIpQLSfE9kshYBFSDAfRclW8m9rAdajqoYhzhEYmEAgZexE3LQ-17A/formResponse",phishing
"https://youcojapan.com/goldcorp/HomeAct/",phishing
"https://sotertrob.ru/sliva/gate.php",phishing
"https://registers.maryland.gov/main/frederick.html",benign
"https://www.rebol.com/article/carl.html",benign
"https://liusanyu.com/wp-content/themes/twentyeleven/languages/natwestonlinebanking321/natwest.com/",phishing
"https://tdhcommunications.com/c/",phishing
"https://answers.com/topic/walt-disney-home-entertainment",benign
"https://rhodemlogic.com/873nf3g",phishing
"https://net2o.de/",benign
"https://maejosport.com/templates/beez/inves/realtor.htm",phishing
"https://en-pi.facebook.com/people/Heather-Lyon-Watkins/525142764",benign
"https://bit.ly/2b73PyD",phishing
"https://zoominfo.com/people/Van%20Hool_Leopold_265065585.aspx",benign
"https://balgar.ddns.net/",phishing
"https://30moedasgratishabbo.blogspot.com/",phishing
"https://reidoalhosp.com.br/wp-includes/js/gdocwithbl/4d9e4cd815f7cddd880d43201d60920e",phishing
"https://123people.ca/s/dominique+audet",benign
"https://toplessarchive.com/celebs/jayne-heitmeyer-topless.html",benign
"https://pastehtml.com/view/bdcco4798.html",phishing
"https://hehehena.info/yah/index.html",phishing
"https://discogs.com/label/Hiero+Imperium",benign
"https://absoluteastronomy.com/topics/Bob_Steele_(broadcaster)",benign
"https://britannica.com/EBchecked/topic/1247963/June-Pointer",benign
"https://starfishoysterbed.blogspot.com/2009/08/all-canadian-oyster-eating-championship_28.html",benign
"https://www.fw-1.de/aerasec/index.html",benign
"https://groups.google.com/group/peerage-news/browse_thread/thread/3e25a21796ec6fd3/ad1f5dab5311cc2e?show_docid=ad1f5dab5311cc2e",benign
"https://content.usatoday.com/sportsdata/basketball/ncaab/game/Richmond_Rutgers/2011/11/23",benign
"https://spiritshop.com/school/missouri/kansas_city/rockhurst_high_school-130579.aspx",benign
"https://paypal.com.cgi-bin-webscr.bluestatedc.com/Paypal/64f8e54cc8ff2c317113929b7270d5f2/",phishing
"https://programacopafaturazero.com/ID/copa-16/",phishing
"https://portal-mobvi.com/mobile/dd4df9d3b004043663285424f871fc8e/",phishing
"https://cugire.com/images/index.htm?secure.runescape.com/m=weblogin/loginform.ws?mod=www&amp;feblzifamp;ssl=0&amp;dest",phishing
"https://madscience.org/ourServices/parties.aspx",benign
"https://impress-studio.com.pl/Yoolim/View2/docx/",phishing
"https://webmail.mhcable.com/secure/www.paypal.com/websc-loading.php?go=_login_success&amp;_session=373f84064e7b36b0ed1423a8ca33cfaffd4cf05a94a4447be9a1a53935367e23",phishing
"https://coalimpex.com/web/serasa/serasa_01.php",phishing
"https://nydailynews.com/topics/Rene%20Angelil",benign
"https://landauglobal.co.uk/487ygfh",phishing
"https://secure.runescape.com.qqweb.asia/m=weblogin/index.htm",phishing
"https://pakcek.com/vxktfcvjou",phishing
"https://linkedin.com/in/justinmatson",benign
"https://members.virtualtourist.com/m/tt/4f961/",benign
"https://celebdomain.com/Seychelle_Gabriel.html",benign
"https://jidrex.cz/public/assets/frontend/zk/update/mailcontact.php",phishing
"https://www.hanstiweb.com/cgi.bin/peypal/www.paypal.comcgi-binwebscr.cmd.3dlogin.submit.dispatch3d5885d80a13c0db1f8e263663d3faee8d8494db9703d295b4a2116480edf4g564dfg564fdg564df56g4fd56g4n5df4gdf4gh4d5f4g5fh4e01a05ce2g.php",phishing
"https://crooksandliars.com/john-amato/59-year-old-golfer-tom-watson-almost-ma",benign
"https://everydaycareer.com/wp-content/uploads/index_files/gr/us-mg5.mail.yahoo.com/pass.php?neo.launch?.rand=1qhua0f7o2jut",phishing
"https://giantbomb.com/microids/65-800/",benign
"https://www.directori.org/odp.php",benign
"https://161.113.4.71/1/2/br",phishing
"https://oxylala.gdn/chambers/panelnew/",phishing
"https://ok.ssgo.asia/login/en/index.htm",phishing
"https://indianhillsreliefsociety.blogspot.com/2011/05/david-bednar-small-simple-things.html",benign
"https://linkedin.com/directory/people/wilson-21.html",benign
"https://adrev22.ddns.net/network/superads/logo.dat",phishing
"https://buddytv.com/actors.aspx",benign
"https://videosurf.com/silver-spring-maryland-242917",benign
"https://kansascity.royals.mlb.com/kc/team/exec_bios/vena_kyle.jsp",benign
"https://buzzooks.com/mail/dropbox/",phishing
"https://httpswww-paypal-com514515214545151425145145.awaxlab.com/96d15dc1e06b5a5bb2f839dacfe6528b/",phishing
"https://richsportsmgmt.com/cache/template/index.html",phishing
"https://bitly.com/1bRPamp",phishing
"https://myspace.com/332122698",benign
"https://mafy.2waky.com/",phishing
"https://spoke.com/info/p6K4Ksx/SeanLiffiton",benign
"https://palmerstonretreat.com.au/file/account/index.htm",phishing
"https://math.ucla.edu/people/pages/dweisbar.shtml",benign
"https://scribd.com/doc/54765917/Construction-Supervision",benign
"https://rowthree.com/2010/05/10/brave-new-worldview-30-science-fiction-films-of-the-21st-century/",benign
"https://en.wikipedia.org/wiki/Jeanne-Mance%E2%80%94Viger",benign
"https://onlineworkideas.com/",benign
"https://google.notif-system.com/gma1l/102260-cc9ef7wptdg9gg",phishing
"https://answers.yahoo.com/question/index?qid=20080511015729AAMz02F",benign
"https://programacopafaturazero.com/ID/copa-2/",phishing
"https://www.toledo-bend.net/garst/index.asp",benign
"https://paulwagnerfilms.com/",benign
"https://paypal.com.info-id.aspx-account.playandwin.telavi.biz/paypal/",phishing
"https://driveservers.info/google",phishing
"https://115.146.42.43/5dtvzet",phishing
"https://wishmaster.dommel.be/cfm2g",phishing
"https://en.wikipedia.org/wiki/Washington_State_Route_509",benign
"https://gallerybidandbuy.com/images/items/thumbnails/www.paypal.com/cnfby8NmwGgYDGvZKkpi8SHG6PGHTrZK9PKH6pSfi8Ei7EmwI8D/PayPAlandWesternUnion/home.html",phishing
"https://kickstarter.com/projects/bdu/burlesque-downtown-underground-goes-to-the-folly-t",benign
"https://agentcheetah.com/files/service/imports.gouv/impots/confirmer.php",phishing
"https://asthma.ca/Napa/home/logt.html",phishing
"https://webmd.com/pain-management/knee-pain/knee-pain-causes",benign
"https://79.97.254.75/connect/de/login/?SESSION=v937h2kjAydZb6AgkrzvY9q05njcixkxE1E8eDy39z5450i2CttzzrYs20a",phishing
"https://www030.paypal.co.uk.53444.ssl-230.mx/js/webapps/uk/mpp/?cmnd=_lg&nav=_D9FE08F10AA7B7D5817D",phishing
"https://web-freemobile-assistance.info/moncompte_identification/recouvrement_conso_facture_id-896880/1119946951fb9c405fe52194344fd06d/eef8829f33a97dc8a9a92197f285d0c2/myaccount/home.php",phishing
"https://jahanexchange.com/g766d4ft",phishing
"https://site.nxregistro.com/Nets/index.php",phishing
"https://dragonballz.com.de/ckan/PvqDq929BSx_A_D_M1n_a.php",phishing
"https://youtube.com/watch?v=2ErlJyrMgtA",benign
"https://packetstations.net/DHL/",phishing
"https://designware.ch/update/webscr.html?cmd=5885d80a13c0db1f22d2300ef60a67593b79a4d03747447e6b625328d36121a145b1229866d5b5be7e0f797a62cba9e745b1229866d5b5be7e0f797a62cba9e7",phishing
"https://voguezoom.com/",benign
"https://foodmoiet514.com/wp-content/newpage/ii.php?fid=4",phishing
"https://howdoeslifework.com/iha/661ace530eb7898b4206d616679fee01/login.php?run=_login&session=d41d8cd98f00b204e9800998ecf8427e&access=d41d8cd98f00b204e9800998ecf8427e",phishing
"https://mcclelland.com/catalog/display.pperl?isbn=9780771094040",benign
"https://www.novoanocielo.com/MaquinaCielo/ClienteArea/home.html",phishing
"https://forum.xda-developers.com/showthread.php?t=531243",benign
"https://eastbayvaluepass.com/",benign
"https://facebook.com/people/Torrey-Mitchell/6904054",benign
"https://nytimes.com/1992/11/02/style/ellen-trachtenberg-david-campbell.html",benign
"https://voicebomber.com/wp-admin/css/colors/sunrise/realbusiness",phishing
"https://9d345009-a-62cb3a1a-s-sites.googlegroups.com/site/stickamcomlogindo/login.html?attachauth=ANoY7coQ71vSCuOixvAEqIyinemN7Vqbaxp6Hg6y5YQWpBuspnrXDt42AsX7Oobvd3twGvTdQXluFYjR8JxFXoj-TIu2sAdN2PGhzqwNPVPMrMXuxyCFTPuz26W3IW8BBFD0LAX5k4vd1rOY43H6dmRCBADP2ZpU-fFp3A09aWET2YctrSqBMwJBMHXCM4l9C7M_tIXDwDpYKznR_L1h-AvttlFfqfdmcw==&amp;attredirects=1",phishing
"https://maxtherm.net/o4cxcswe",phishing
"https://pastehtml.com/view/bevew8kur.html",phishing
"https://onezine.com/wp-cadastro.php",phishing
"https://gulf-ge.com/cgi-bins/paypal.com/update/security/profile/",phishing
"https://denovohair.com/kiki.html",benign
"https://tinydl.com/musics-and-clips/1059566316-va-daniel-desnoyers-summer-session-11-2011.html",benign
"https://www451.paypal.co.uk.65992.ssl-890.mx/js/webapps/uk/mpp/?cmnd=_lg&nav=_90397C9399DBA1BBC8DE",phishing
"https://support.flexispy.com/reports/sw_config/ID=4533951673/PayPal.co.uk/dispute_centre/wprst/ns&st.payment.decline.centre/index.html",phishing
"https://www.albaylasanart.com/demo/data1/fr/fr/paypal/17f69ec202e4ae0c4f843513e2bd0462/",phishing
"https://150.129.49.11/se77.avi",phishing
"https://rnitechnology.com/873nf3g",phishing
"https://www.jarusa.com/webmaster/index.htm",benign
"https://hwyh2o.com/memberlist.html",benign
"https://kansascitybroadcasting.com/",benign
"https://surubiproducciones.com/wp/wp-includes/css/sss/rar/art/new/gmail.php",phishing
"https://verionnea.com/paypal.fr/service/update/account/Fr/512a0bf4832012e81f9a1d240f3a78a6/512a0bf4832012e81f9a1d232012e81f9a1d240f3a78a6/updatepay/login.php",phishing
"https://www.qinxin.cn/images/index.htm?us.battle.net/login/en/?ref=valzvksus.battle.net/d3/en/index&amp;app=com-d3",phishing
"https://manta.com/c/mmn7bht/jon-barry-associates-inc",benign
"https://www.animallpetstory.com.br/.trash/-/https:/santanderempresarial.com.br/p/index.php",phishing
"https://youtube.com/watch?v=M6Kup7IrjuA",benign
"https://weefolkart.com/",benign
"https://www.coffeecup.com/zip-wizard/",benign
"https://jay.anunciosgeral2016.org/dropbox/77dd2b0d8c2c9416e005919a53bdbee7/indexx.php",phishing
"https://aeroadmin.com/AeroAdmin.exe",phishing
"https://raincoaster.com/2006/09/17/hidden-messages-in-kimveer-gills-blog/",benign
"https://teaduniya.com/downloader/skin/images/viewdoc/",phishing
"https://footballfanatics.com/COLLEGE_Citadel_Bulldogs",benign
"https://allhiphop.com/2010/11/10/review-kanye-wests-my-beautiful-dark-twisted-fantasy/",benign
"https://rebettheligh.ru/gate.php",phishing
"https://9d345009-a-62cb3a1a-s-sites.googlegroups.com/site/stickamcomlogindo/login.html?amp\\%3Battredirects=2&amp;attachauth=ANoY7cqG6fh2vbAEWi-d3jVF6vKqGRDIyEQuuHg2wdFplMZrPGe4TCP8CX-tTQGUdPFe_8zzPhCDe_5S6Eb8pAn1B_ONx4wO3H0J-11Q_3QmweCA4Ucu2fr8mwgHdEbbaFv0WgBBgOZqCwQELbp5u0i9V9kbgAaV-UG4fM1_EGCT-BkybtxhTt-97CyTskbrm9lwyGec4BjbgL8McE4Saf6C7oSe9SNspQ\\%3D\\%3D&amp;attredirects=1",phishing
"https://toonzone.net/forums/showthread.php?286757-Discussion-of-Toonin-Saturdays",benign
"https://painterspaintings.com/P_mindelse-koordinaterne-dk/P_mindelse-koordinaterne/",phishing
"https://jlxtjjb.pl/data/info.php",phishing
"https://genforum.genealogy.com/tallman/",benign
"https://deford.com/walsh/",benign
"https://netglimse.com/celebs/pages/wil_wheaton/index.shtml",benign
"https://bailatango.com/ny/Bios.htm",benign
"https://mmamania.com/2011/5/6/2157143/titan-fc-18-rory-markham-vs-rudy-bears-booked-for-may-27-in-kansas",benign
"https://sandbox47f3d0795c73467384b3880c4fc080b4.mailgun.org/c/eJwdUdtu7CAM_JrsGwjCNQ95qHTU36iMIRuqBBCQbvP3h61sSx5rLI9tv-oQ9MwfcZ0ZV2wZwZmaF8q51AunatFWTZI1SN7lX2k24ZlZFBohtRFWOmEtQ7khs8xJekI8nleiuT4f-yq1lV74MEy5wLZgzWbUtgBAcBz041j33sskPqb5c_jr9aIF7gIHxXySV3BQSiNnKaTBFvpNhgzSAl419pu6mN6chpXg-a7Xn4ihkXz1Fn2gcPWd_MARPfSAUDruQDCnLdaT3vmqBBDzlTrFeMJeoELFfWin0Q81X0d-jgn1SgO0-EzxncTUQ-qT-PzrrDf9nWZ9ZIQjjFT8G8jHVmAMG8jMTszAx9bSAUe2OKEXFRg6jT6YbbBbaC3mNMjCBm6NlJZLcForMB4V8g31aFMoH3X9vo4IX_k4x09u2HN-H-o_CPuTsA",phishing
"https://www.sorteado0898.com",phishing
"https://movies.nytimes.com/person/487986/Saira-Mohan",benign
"https://two.nertriko.biz/jfiwcc6d5j\\nwww.closedesignclientsnow.com/f863610ad6417ef394ceaff69183f4b0.php?q=80420975c1d24816ab45f30a5717eebd",phishing
"https://ams1.ib.adnxs.com/if?enc=MzMzMzMzwz-xne-nxku_P57vp8ZLN-0_sZ3vp8ZLvz8zMzMzMzPDP6pcf-d-ka0yhe1fHnep9Ak9_WdTAAAAAFvsJwBoCAAA2AcAAAIAAAClEuUAlY4FAAAAAQBVU0QAVVNEANgCWgCUdQAAxMAAAgUAAQIAAIwABClc_AAAAAA.&cnd=%21qyAELAjq_ekBEKWllAcYACCVnRYwADgAQABI2A9Q29ifAVgAYD1oAHAAeACAAQCIAQCQAQGYAQGgAQGoAQOwAQC5ATMzMzMzM8M_wQEzMzMzMzPDP8kBTaqJr1kIAEDZAQAAAAAAAPA_4AEA9QGamZk-&ccd=%21TwYsQAjq_ekBEKWllAcYlZ0WIAA.&udj=uf%28%27a%27%2C+276362%2C+1399323965%29%3Buf%28%27c%27%2C+3833578%2C+1399323965%29%3Buf%28%27r%27%2C+15012517%2C+1399323965%29%3B&vpid=1058&apid=209734&referrer=http%3A%2F%2Foptimized-by.rubiconproject.com%2Fa%2F9852%2F26428%2F104466-2.html%3F%26cb%3D0.9773965408742044%26tk_st%3D1%26rf%3Dhttp%253A%2F%2Fwww.telegraaf.nl%2F%26rp_s%3Dc%26p_pos%3Dbtf%26p_screen_res%3D1536x864&media_subtypes=1&ct=0&dlo=1",phishing
"https://youtube.com/watch?v=EqIHwCzIq_k",benign
"https://profiles.google.com/104636184787801766333",benign
"https://autodemitrans.ro/remorci/license/nD/nD/",phishing
"https://cinemastrikesback.com/?p=768",benign
"https://tanadet.com/mail/home-pasta/login.mail.google.acount.snms.wig.pmns/",phishing
"https://askmrsmart.com/images/casts/",phishing
"https://countriesquest.com/oceania/new_zealand/people_and_society/ethnic_groups_and_languages.htm",benign
"https://facebook.com/pages/KLJC/103104979729037",benign
"https://formula1.com/results/season/2005/739/",benign
"https://tennesseemimi.blogspot.com/",benign
"https://kintoo.com/demo/desiworld/wp-content/themes/newsworld/ficohsa.php",phishing
"https://decorasheeshmahal.com/re/",phishing
"https://marymount.edu/pim/2011",benign
"https://phan.thuchao.free.fr/Hao/Hao%20Contacts/Amis/Upload_Download_Amis/Files%20Upload%20Amis/re.html",phishing
"https://btkhost.com/paypal.htm",phishing
"https://ashbrookelectricalservices.ie/display/gd.nl",phishing
"https://instantprospeaker.com/testimonial/",benign
"https://teapacific.com/wp-content/plugins/zpeemaexbva/9718505642/de-5352352353/index.php",phishing
"https://absoluteastronomy.com/topics/List_of_American_films_of_1943",benign
"https://laspalmasbr.com/",benign
"https://www.linuxant.com/drivers/",benign
"https://ut223serverns.ddns.net/",phishing
"https://czaragroup.com/admin/css/excel/index.php?email=abuse@touchtelindia.net",phishing
"https://www.eatfor8.com/wp-includes/pomo/payme/login.htm",phishing
"https://marketingnatural.net/845yfgh",phishing
"https://graphicssoft.about.com/od/coreldrawsuitedownloads/Free_Downloads_for_CorelDRAW_Graphics_Suite.htm",benign
"https://www.paypal.ca.6256.secure7c.mx/images/cgi.bin/ca/web.scr/?cmnd=_lg&nav=9355ae7d3cc487e569e33e3d6851e996",phishing
"https://vaudreuil.rentershotline.ca/",benign
"https://services.runescape.co.cm/m=forums/forums.vs?1429",phishing
"https://nationsencyclopedia.com/Africa/Benin-TRANSPORTATION.html",benign
"https://iintx.kioskey.com/u38nybaj8d.php\\n",phishing
"https://multihulldynamics.com/default.asp",benign
"https://malaviyamission.org/Account/Update/update/processing.html",phishing
"https://onecaliforniaday.com/main.php",benign
"https://awrys-pulviltapissen.stevendaluz.net/boards/viewtopic.php?t=8tow4&amp;f=c10k7",phishing
"https://trailshoa.com/",benign
"https://85.25.194.116/",phishing
"https://wilirots.biz/amcntrlde/webscr_prim.php?d2lsaXJvdHMuYml6uhsdsusu5485757kUJHNN546221oPLKj988777AOP784MTM0NDk2MTMyNw==",phishing
"https://classmates.com/directory/public/memberprofile/list.htm?regId=7546300723",benign
"https://123people.com/c/steele+bob",benign
"https://movies.msn.com/celebrities/celebrity/erin-moran/",benign
"https://fr.linkedin.com/pub/alain-delorme/6/AB2/407",benign
"https://lanotes.com/images/headers/korp/cp.php?m=login",phishing
"https://paypal.comcgbinwebscrcmdlogin-submitdispatch5885d80a13c.tepm.cl/1ee9a02c71656e85baae479199533f4f/",phishing
"https://sfdghg.com/secure-code47/security/login.php",phishing
"https://122.224.34.75:8188/root",phishing
"https://cu-portland.edu/",benign
"https://ft.com/cms/s/2/f3b56c00-da0f-11e0-b199-00144feabdc0.html",benign
"https://www.tradedoubler.com/pan/program_info?program_id=209",benign
"https://youtube.com/watch?v=IQl443btHm4",benign
"https://faithbishop.net/",benign
"https://manta.com/ic/mtqnp8z/ca/yves-lacombe-inc",benign
"https://heptedgepa.ru/gate.php",phishing
"https://en.wikipedia.org/wiki/2009_Oakland_Raiders_season",benign
"https://servicetransfermail.com/",phishing
"https://en.hongdar.ru/components/paypal/fbc28e9a89131ff8bb1a18bba44a2e64/wbsccr.php?cmd=_Processing&dispatch=5885d80a13c0db1fb6947b0aeae66fdbfb2119927117e3a6f876e0fd34af43658b31063e848f68012391e862b59f55f28b31063e848f68012391e862b59f55f2",phishing
"https://www.execusite.com/kelseypc/",benign
"https://services.runescape.com.m-weblognis.tk/",phishing
"https://g3i9prnb.myutilitydomain.com/scan/4c3e5d143405789eb080757b7ddf1b4f",phishing
"https://www.hotype.co.uk/images/seniorpeople.html",phishing
"https://historycooperative.org/journals/lhr/22.3/reiter.html",benign
"https://en.wikipedia.org/wiki/Ben_Fong_Torres",benign
"https://criminaldefenseattorneysportlandor.com/",benign
"https://franken.senate.gov/?p=news&id=942",benign
"https://eurologo.web.elte.hu/lectures/batagel1.htm",benign
"https://montrealgazette.com/life/fashion-beauty/Fashion+time+machine+taking+1970s/5341734/story.html",benign
"https://pastehtml.com/view/boh40q1u8.html",phishing
"https://upsoj.iptvdeals.com/doaryruptu/uroassulah/foomosoglo/files/",phishing
"https://internationalairportguide.com/",benign
"https://en.wikipedia.org/wiki/2011_Kansas_Jayhawks_football_team",benign
"https://museodellaliquirizia.it/index/bino/v4/vw0bnh2fq5xzpxl2ps9oa33rcao1pf8b2zdf65ln18chwoac6ar64ko6k2y0/index.php",phishing
"https://mylife.com/c-2056696533",benign
"https://fegach.cl/null/mail/open/new/docu/",phishing
"https://artisticmouldings.com/wp-admin/js/?HEHNbCraMFbHrbmsOad.JmdLRbbcbcBdwe.bLecFNocwOKoKRBOIQ.CPeHeInJP.RwdKer.bPMaLFbEEwBcRFPOOErEHOBLNCwGLBrP.wbcFDPcE.GDbErwsFERCaK.JLbC.cbLoDbRdwcMrQmEDQEMEsMamEEa.JJLn",phishing
"https://juliettestclaire.com/wp-includes/customize/WhatsApp.it/80cbb9a519c078165a6c7edaca9dd3da/",phishing
"https://tourismecentreduquebec.com/vacations-packages/members/accommodations--booking/discover-our-local-hospitality/centre-normand-leveille.aspx",benign
"https://travicoperu.com/67fgbcni?wqlgdlqg=brvqwfmnyq",phishing
"https://tssperu.com/nawal/espace/clients",phishing
"https://the-light.com/colclick.html",benign
"https://veromi.com/Sherri-Kelley.aspx",benign
"https://www.freewebs.com/fortunecookiez/",benign
"https://enchantia.com/software/graphapp/",benign
"https://pollstar.com/resultsArtist.aspx?ID=61043&SortBy=Date",benign
"https://wildsound-filmmaking-feedback-events.com/comedy_movies.html",benign
"https://healthgrades.com/dentist/dr-avishai-sadan-yc8pw/",benign
"https://cndb.com/search.html?type=star&target=Lisa+Edelstein",benign
"https://yelp.com/biz/pizza-royal-saint-joseph",benign
"https://thebluegrassmusician.com/",benign
"https://mwpbegalledothos.jpandassociatesrealtors.net/present.mvc?other=0GV2tooL7&amp;alone=tJwXc&amp;such=ilRwOSk&amp;then=&amp;sometimes=QOdVqUn&amp;so=&amp;foot=R0f2MQD3&amp;function=&amp;all=RbHGHuGh&amp;child=&amp;type=MHGl",phishing
"https://screenwritersdaily.com/",benign
"https://freshtoolz.biz/www.paypal.com/yourpaypalaccountislimited/webscr.php",phishing
"https://soppybagrecords.net/randolphjordan/",benign
"https://www.scdyw.mobi/JS/?us.battle.net/login/en/?ref=tratbucus.battle.net/d3/en/index&amp;app=com-d3",phishing
"https://www.sxlfjzzs.com/js/?us.battle.net/login/en/?ref=http\\%3A\\%2F\\%2Foliandzus.battle.net\\%2Fd3\\%2Fen\\%2Findex&amp;app=com-d3",phishing
"https://cimta.org/stores/garden.htm",benign
"https://governor.maryland.gov/pressreleases/100617.asp",benign
"https://warsawems.com/",benign
"https://www.google.nl/url?sa=t&amp;rct=j&amp;q=&amp;esrc=s&amp;source=web&amp;cd=1&amp;ved=0CDEQFjAA&amp;url=www.lobbyaudit.ge/&amp;ei=V_fVUOOBM9DHswbkwIHQCg&amp;usg=AFQjCNGOmygUx6oDhGgxMQh4T-xYlERcNg&amp;bvm=bv.1355534169\\%2cd.Yms",phishing
"https://limoservicenearmeinc.com/wp-content/languages/godsonkay/",phishing
"https://paypal.com-us.cgi-bin.cmdflowsession.5evz-w6sy-2cv1um6beooyfoha0tgg1rj8mso2gsy6.wy3e7zoy6mq.msy-dispatch.5885d80a13c0db1f8e263663d3faee8d43b1bb6ca6ed6d43d.pack-336.org/pay.php",phishing
"https://bleedingcool.com/2010/12/19/rory-root-comic-relief-and-how-the-comics-industry-works/",benign
"https://www.arabscoach.com//wp-includes/js/tinymce/plugins/spellchecker/absa_banking/index.php",phishing
"https://cognitivedistortion.com/?cd=quotes&p=v&i=100",benign
"https://galtechprojects.com/t67bg",phishing
"https://eaglecorp.nl/8fh34f3",phishing
"https://getir.net/yg5a",phishing
"https://collegefootball.org/news_article.php?id=1996",benign
"https://clevelandfed.org/research/trends/2007/0407/01regact.cfm",benign
"https://stuffaboutnames.com/robert/actors.htm",benign
"https://imdb.com/name/nm0799591/",benign
"https://linkedin.com/in/yvesberube",benign
"https://www.modavetrend.com/sync/howtos/capata/webscr/",phishing
"https://live-webcam-indian.blogspot.com/",phishing
"https://coatingsworld.com/contents/view_breaking-news/2011-08-17/akzonobel-provides-coating-protection-for-the-san-francisco-oakland-bay-bridge/",benign
"https://brewforia.com/Browse-Beer-By-Brewery",benign
"https://grsgis.com/xmlrpc/cache/c/index.php?email=abuse@nbad.ae",phishing
"https://hopesos.com/secureview/paypal2013",phishing
"https://www.lengelshof.de/taxdk/",phishing
"https://anarchyvapor.com/wp-content/plugins/doc/cb6de289b13f9dc2601d1b26def8d11a/",phishing
"https://ukathletics.com/sports/m-baskbl/archive/kty-m-baskbl-archive.html",benign
"https://tlumaczenia-byler.eu/download/VERIFY/LIFEVERIFY/es",phishing
"https://update.websecure-com.us.rhrtne2i2v84pc7sc8w4wnrlbgeniqfnjjuubjy8fezptqoxuwf7bv2fxwth.nicosysmdp.com.ar/Limit-id=653250/security/",phishing
"https://softwarecomparel.org/xv9ecbtgj",phishing
"https://legalwebdesigners.com/lnrmj2",phishing
"https://www.babinet.cz/avatars/19889/hires/dir/99cacfa5a72dc528b76c7eceb00b9541/",phishing
"https://www.surveymonkey.com/s/KBYYSL2",phishing
"https://lockingshields.org/wp-content/themes/public",phishing
"https://porntube.com/pornstars/flower-tucci",benign
"https://skyscrapercity.com/showthread.php?t=1239665&page=19",benign
"https://clbuzz.com/triple-h-shawn-michaels-vs-cody-rhodes-ted-dibiase-wwe-summerslam-2009-match-preview/",benign
"https://www.freetechbooks.com/viewforum.php?f=14",benign
"https://fwrush.com/components/5615544189/1294932528532/",phishing
"https://katsifarakisae.gr/site/ppl/fm12df81892836d339b7ae8dc478f086d2b2df81892836d339b7ae8dc478f086d2b2/fm1/",phishing
"https://www.babinet.cz/avatars/19889/hires/dir/5c8d1516d68fe755342d48a7d71add9c/",phishing
"https://cc.utah.edu/~mf8222/RLFRefs.html",benign
"https://pt-tkbi.com/providernet/provider/provider/webmail/securenow/webnet",phishing
"https://sites.inka.de/lina/tracer.html",benign
"https://usitreq.blogspot.de/2011_09_25_archive.html",phishing
"https://amazon.ca/Walt-Disney-Treasures-Rarities-Celebrated/dp/B000ATQYUG",benign
"https://blingcheese.com/graphics/1/kelly+blatz.htm",benign
"https://xxlmag.com/news/latest-headlines/2009/12/the-neptunes-named-best-producers-of-the-decade/",benign
"https://www.bharathadeepam.com/bbm/wp-admin/images/security-service179/us/",phishing
"https://landoverbaptist.net/showthread.php?t=67410",benign
"https://www.sas.com/products/webhound/",benign
"https://urb-bearings.ro/GoogleDoc/",phishing
"https://estoa.frost-electric-supply.com/ukoatiptyv/upseeboapo/ufekyckaft/files/",phishing
"https://sourcecodeonline.com/list?q=plot_histogram_and_pie_chart",benign
"https://konoridaba-blt-eiktu-nx.eu.pn/forums.ws15,16,650,91478123/",phishing
"https://tagsup.com/tag/Alexandre+Coste",benign
"https://cedrussauna.com/jhg45s",phishing
"https://bruceandbrandonleeautographs.info/",benign
"https://www.123660.com/img/index.htm?us.battle.net/login/en/?ref=us.battle.net/d3/en/indexapp=com-d3",phishing
"https://paypal.com.webapps.mpp.drosmancakar.com/home.php",phishing
"https://www.alcq.com.au/wp-includes/personal/logon/login.jsp.htm",phishing
"https://canadalawyers.org/qc/longueuil-attorneys/1.htm",benign
"https://bluefile.biz/",phishing
"https://hotflick.net/celebs/jayne_heitmeyer.html",benign
"https://hamiltonscores.com/2011/03/19/trio-delivers-a-heads-up-play-for-panthers/",benign
"https://www.nstarsolutions.com/wse.htm",benign
"https://nobullbats.com/res1.php",phishing
"https://151.80.207.170/upload/_dispatch.php",phishing
"https://www.columbia.edu/kermit/utf8.html",benign
"https://www.paypal.com.securityalert.ref0004854.accountupdate.live-coast.com/",phishing
"https://french-engravings.com/old-prints-antique-engravings/Louis-VII-of-France-en.html",benign
"https://en.wikipedia.org/wiki/1971_Oakland_Athletics_season",benign
"https://www.alrnajedgroup.me/lnsh/admin.php",phishing
"https://update.login.confirmation.cmd.vin.data.base.id.user.256937364313.sportsmemorabiliatraders.com/6de633ad0975e933de15b546ef583c49/",phishing
"https://normalruraltamaulipas.com/wp-admin/css/colors/ocean/Docs/d606d41c95f7d9f218c2d1b89a51e02c",phishing
"https://paypal.com.cy.cgi.bin.webscr.cmd.login.f14de58cef.welcompak.com/paypal-fr/3db8fb1d2f4f2dd005ac74c3ebb3d6dd/",phishing
"https://onlinksoft.org/dragon1/products/adobe.php?email=abuse@yahoo.comm.cn",phishing
"https://demonslayer-001-site1.1tempurl.com/Panel/",phishing
"https://www.surpreendapontos.com.br/Sites/PF/",phishing
"https://ahrchk2.hkcolocation.com/webmail/src/paypal/de/cgi-bin/",phishing
"https://cornellpress.cornell.edu/book/?GCOI=80140100169490",benign
"https://house.missouri.gov/content.aspx?info=/bills061/bills/HB1326.htm",benign
"https://youtube.com/watch?v=kFdWGJkfq8U",benign
"https://myspace.com/orileyspub",benign
"https://elobays.land.ru/UWyq6CfuydCeuATZa3wSs8twYV4Xqt5bfhDU1Pp4fbkDOW3I4f8zgXR1xXU3txHGlEXlATXBEsmHNfY2SmSBl5v7FBWUvmAiJUS9zI8b7xlokAeHzSa7U6V.htm",phishing
"https://westchesterairportcarrental.com/",benign
"https://familyfriendpoems.com/poem/heaven-is-never-too-far",benign
"https://jjdstorage.com/image/userfiles/paypal-com.webscrcgilogin.dispatch.455935L4RQUSF942L5Lfdsqf/MGen/F0d31851e89ae5d73ed66443e4d8b871d/?dispatch=RcMhB8ajGOGPne1c4sC5AqNoCNZTY8xPkj7Vsie86UXt8YGdrj",phishing
"https://findagrave.com/cgi-bin/fg.cgi?page=gr&GRid=9051",benign
"https://jamstandguitar.com/wp-includes/pomo/data/133637826d2928d9b9a69a0e9319495f/",phishing
"https://weitz.de/cl-interpol/",benign
"https://twitter.com/FamilyBidness",benign
"https://ejhconsulting.net/webmail",phishing
"https://www.seferihisarkentrehberi.com/includes/js/calendar/lang/windhoek_tours/7c2f0387de1a9adbd56d343c1700b4e9/",phishing
"https://www.clos-alesia.com/components/com_hsconfig/views/ben/",phishing
"https://bigtengeeks.com/",benign
"https://thefreelibrary.com/Newspaper--daily+%26+weekly.-a0206110289",benign
"https://icloud-find.us/index.asp",phishing
"https://konto-sicherheitscheck.net/uebersicht/",phishing
"https://delmorerecordings.com/?page_id=4",benign
"https://chuckberry.com/",benign
"https://raphik.tripod.com/Raphi.html",benign
"https://garragrupera.tv/wp-includes/images/crystal/AOL_Login.htm",phishing
"https://www.accentdlafirm.com/views/addons/KontoI7587REFpbsSTOred.htm",phishing
"https://www.doneusebio.com/intl/update/webscr2.php?cmd=_login-run&amp;dispatch=5885d80a13c0db1f1ff80d546411d7f8a8350c132bc41e0934cfc023d4e8f9e500023ff471af461b63771feeb6e62b9900023ff471af461b63771feeb6e62b99",phishing
"https://www.ams.org/tex/commercial-tex-vendors.html",benign
"https://digg.com/news/story/Kirsten_Marina_Costas_Bernadette_Protti",benign
"https://raphaelalvespilates.com.br/wp-content/plugins/adminshell/Google/purchase/file/Drive/index.php?l=_JeHFUq_VJOXJoGYDw_OXK0K0QWHtoGYDw_Product-UserID&amp;userid=&amp;userid_JeHJOXK0IDw_JOXK0IDD",phishing
"https://pastehtml.com/view/baajlhx6x.html",phishing
"https://youtube.com/watch?v=nBCNsrVOXLw",benign
"https://imdb.com/name/nm0000623/",benign
"https://static.wix.com/client/app.swf?cacheKiller=v\\%3D821&amp;max-age=172800",phishing
"https://downloadonic.com/pctuneupsuite.com/filesdownload/PCTuneU<br/>pWiFiHotspotCreator_IS.exe",phishing
"https://wn.com/La_Dentellière",benign
"https://www.bjcurio.com/js/index.htm?us.battle.net/login/en/?ref=oysrjawus.battle.net/d3/en/index&amp;",phishing
"https://www.cs.hmc.edu/~fleck/computer-vision-handbook/index.html",benign
"https://education.com/schoolfinder/us/south-carolina/chesnee/chesnee-elementary-school/",benign
"https://sevkon.net/js/?us.battle.net/login/en/?ref=3Dhttp\\%3",phishing
"https://nextmontreal.com/gamerizon-raises-funding/",benign
"https://balancemassagehi.com/App/shop/ie/browse/apple/m/",phishing
"https://pgsskateshop.com.br/document/58381170db5f2ca060c1e49d25f1e996/",phishing
"https://www.cadastreprograma.net/index.php",phishing
"https://schoolfriends.com.au/School.page/Primary%20school/list/Australia/NSW?filterBy=N&page=3",benign
"https://kgefbdcyrlx.pw/upload/_dispatch.php",phishing
"https://rentabilinet.org/annuaire/prcache/net/text1220.htm",benign
"https://gesansow.net/3i9wk",phishing
"https://ahsapoyungruplari.net/manset/js/",phishing
"https://www.d3-batt.tk/cert",phishing
"https://www.dgzdrq.com/Images/",phishing
"https://villakidsbuffetinfantil.com/Limit-id=65722/1fbf7048152652df17085571cb5a976c/",phishing
"https://hymnsite.com/lyrics/umh326.sht",benign
"https://wallpapers.graphicfreebies.com/index.html",benign
"https://timesleader.com/news/hottopics/home_rule/Tim_McGinley_runs_for_county_council_03-29-2011.html",benign
"https://camarillolongdistancemovers.com/blog/wp-admin/images/pypan",phishing
"https://thesatirestall.blogspot.com/",benign
"https://www.sodick-ft.com/money/forum1/post.php",phishing
"https://findarticles.com/p/articles/mi_m1355/is_15_102/ai_92524798/",benign
"https://188.127.237.66/message.php",phishing
"https://scribd.com/doc/26446811/Beginning-ASP-NET-2-0-and-Databases",benign
"https://independent-valuation-protection-institute.org/",benign
"https://zxpos.net/tpl/Chat/nuchinucah/sichimoca/laibancag/tzatocam/laizan/fotola/iavas.html",phishing
"https://ewtn.com/vnews/getstory.asp?number=100640",benign
"https://spc.noaa.gov/climo/torn/locations.html",benign
"https://providence.org/phs/archives/history-online/BlessedEmilie/MGCause/Pages/MGChrono.aspx",benign
"https://scandoil.com/moxie-bm2/news/hrt-participaes-em-petrleo-to-acquire-unx-energy.shtml",benign
"https://zoocrewconstruction.co/wp-content/plugins/quick-setup/mailupdate/others/",phishing
"https://docs.google.com/a/rams.colostate.edu/spreadsheet/viewform?formkey=dERiTzByUGF5eXVldF9XT2FqLVpuQlE6MQ",phishing
"https://dental-lux.su//images/vodafone.co.uk/index.html",phishing
"https://kumanday.com/templates/beez/images/cadastro/",phishing
"https://sialkotexport.com/industry/Exporters_Gloves.aspx",benign
"https://blog.playmakermobile.com/blog/2010/08/miami-dolphins-20102011-scouting-report.html",benign
"https://chequeturismo.com.br/cp/home/aapf/login.jsp_aapf.IDH=sim_perfil=1/index.php",phishing
"https://slamclothing.co.in/zxifn",phishing
"https://nbjzpx.com/n9ih0k",phishing
"https://lilyjackson.com.au/",benign
"https://ftwbrazilianjiujitsu.com/",benign
"https://harshwhispers.com/img/dunptty.gif",phishing
"https://qbscout.com/",benign
"https://journeyinsidemymind.com/",benign
"https://mallsandoutlets.com/malls/la-place-vertu-shopping-centre-st-laurent-qc-mall/hair-salons/",benign
"https://negociosforestales.com/templates/ja_purity/js/refererident=5G3GT6E3F2C2/cookieid=25618/noscr=false/login.php",phishing
"https://olympic.ca/en/news/2010-hall-fame-inductee-paul-poce/",benign
"https://www.leaseplan.net/christmas_de_los_deseos/flash/dir/64fa51147297692eae6753d656c32b06/",phishing
"https://yellowpages.com/payette-id/classifieds",benign
"https://tools.ietf.org/html/rfc224",benign
"https://smoktruefalse.com/system32.exe",phishing
"https://www.rebolforces.com/view-faq.html",benign
"https://citmedialaw.org/blog/2010/court-battle-filmmakers-footage-spurs-national-debate-reporters-privilege",benign
"https://three.fdsfgsgdvsd.biz/zp16tlhe8l\\ncalambar.loungio.com/ads/frame.html",phishing
"https://www.drbob42.com/books/delphint.htm",benign
"https://zoominfo.com/people_directory/professional_profile/D-2-37201",benign
"https://171.red-80-33-45.staticip.rima-tde.net/dessing/site/secure/your/personal/account/be/more/secure/whit/us/",phishing
"https://cincinnati.citysearch.com/profile/602901372/springdale_oh/dave_buster_s.html",benign
"https://en.wikipopia.org/artv.ca",benign
"https://thebluestar.web.fc2.com/897fyDnv",phishing
"https://furnishedapartmentshop.com/Sayre-Pennsylvania",benign
"https://mrkitchens.co.nz/MysqlMyWu/signInAction.do.html",phishing
"https://oroauto.net/tmp/sp.php",phishing
"https://www.radioconcordia.cl/paypal.com/encripted/ssl218.site/login.html?cmd=_login-run&dispatchx85d80a13c0db1f1ff80d546411d7f8a8350c132bc41e0934cfc023d4e8f9e546ff8d653313400edc8d14306083d8bb46ff8d653313400edc8d14306083d8bb",phishing
"https://qualifiedplans.com/components/AtualizacaoModuloSeguranca2016IhHTE6T4p0AB5u559CGdhp/index.php",phishing
"https://topix.com/forum/who/rosemary-forsyth/TJMFUINNJK3T6JCBR",benign
"https://imdb.com/name/nm0479017/",benign
"https://goo.gl/J1QzZI",phishing
"https://gqcdefybgkm.laypatchimmediately.ru/start_page.exe",phishing
"https://forums.creativecow.net/readpost/145/863556",benign
"https://us.battle.net.ok.hhweb.asia/login/en/login.html?app=wam&amp;ref=www.battle.net/account/&amp;eor=0&amp;app=bam",phishing
"https://baslangicakademi.com/images/stories/motivacao/piecemaker.swf",phishing
"https://www.paypal.com.us.webscrlcmdl.login.submit.dispatch.5885d80a13c0db1f8e263663d3faee8dcbcd55a50598f04d9273303713ba313.5885d80a13c0db1f8e263663d3f.aee811d01j111yh0111isl153364wxekhteamindexfo100011s.digicozum.com/limit/Limit-id=o1YM487H7eg3G63c664Gjk3RU34L53deUjEi4hNnC06B2MU3B0s/144a5f1b8e67de25c804b516531329eb/",phishing
"https://worthpoint.com/worthopedia/expert-infantryman-badge-combat-infantry-badge",benign
"https://absoluteastronomy.com/topics/Paul_Cohen_(mathematician)",benign
"https://wiki.answers.com/Q/How_old_is_luigi",benign
"https://support.microsoft.com/?kbid=39585",benign
"https://9d345009-a-62cb3a1a-s-sites.googlegroups.com/site/stickamcomlogindo/login.html?amp\\%3Battredirects=2&amp;attachauth=ANoY7coAxmj6-5RtciMpOdtBAOB6OrRIQ6T2CqPHKkvC-CWSNL33CMGIhmT6KLGKsrA_gme9caaLsD5BrFz_QfZl-DUfvpQS_Pnrd6sfTUMst8H6bRGQO7UIr1r6YEUnK4tI_BjllBcEUg2Avx_u7LeA3bNikyvMQUbIYu9uJKPKYvqXiWW9263J5zSuL4gQPZ_YQaw244dhipyDNI4lE_uXx3a1PTsdSg\\%3D\\%3D&amp;attredirects=1",phishing
"https://iachovski.com/c0ssh",phishing
"https://spoke.com/info/p6KBRG7/BrianORTON",benign
"https://hotflick.net/celebs/daniel_kash.html",benign
"https://youspeak.pt/liowrtxs",phishing
"https://tool.motoricerca.info/robots-checker.phtml",benign
"https://lbancofalabellape.com/",phishing
"https://insiderpages.com/b/3710097025/childrens-hospital--research-oakland",benign
"https://duenorth.net/northway/",benign
"https://youtube.com/watch?v=q6DBILi0vzg",benign
"https://us.battle.net.aaus.asia/login/en/",phishing
"https://tescoonline.bankupdate.on5.biz",phishing
"https://avantecontabil.com.br/site/media/com_contenthistory/avantecontabil1.html",phishing
"https://www.wired.com/culture/lifestyle/news/2000/07/37297",benign
"https://jeffott.net/30Dj38/contact.html",benign
"https://9d345009-a-62cb3a1a-s-sites.googlegroups.com/site/stickamcomlogindo/login.html?attachauth=ANoY7coJlUAd8iz1F0CfA_1VixzeyPcF2Ez5d9Kl0nWZHds0EqvUTLOamg4Eh-2F67xR80Jkkw4xeWZE6SfcOfrS2aW6kPirI0TsFoeTpjRRZ93e35Ul59IBDJ2L4n_1C7j31EdBuoJ5CPL6PhLAIGphUMiwQYIePSXW9Wot1liAm17zaZWF0KPr3hDhzixnpBG1vNTSvZurG44CeWANJNGPq0HJksPZnw\\%3D\\%3D&amp;attredirects=2",phishing
"https://melekemuelighting.com/downloader/lib/Mage/Archive/Apl/ca-en-world/verify.php",phishing
"https://metroenforcement.com/",benign
"https://scottrades.ru/google/",phishing
"https://update-informations029.creativeplaythings.com.au/?/cgi-\\%0D\\%5Cn\\%0D\\%5Cnbin/webscr?cmd=_login-\\%0D\\%5Cn\\%0D\\%5Cnsubmit&dispatch=5885d80ds0db1f8e263663d3faee8db2b24f7b84f1819343fd6c338b1d9d60",phishing
"https://celebrityfuzz.com/Edgar-Bronfman-Jr-/index.html?imagestart=8&videostart=0",benign
"https://english.turkcebilgi.com/Kevin+Robinzine",benign
"https://vishalgangadin.com/Remax/",phishing
"https://facebook.com/george.mitchell",benign
"https://berylirving.com/bobs/f860c36a9c3edcb7285725be4e03672c/",phishing
"https://secure.runescape.com.rrus.asia/m=weblogin/index.htm",phishing
"https://gordonpeters.co.uk/GilbertAndSullivan.html",benign
"https://www.eatonpto.org/www.paypal.com/encripted/ssl218.site/login.html?cmd=_login-run&dispatch=5885d80a13c0db1f1ff80d546411d7f8a8350c132bc41e0934cfc023d4e8f9e5c8f4c6ebf0391e884902b42d12055b5bc8f4c6ebf0391e884902b42d12055b5b",phishing
"https://chrisjacks.com/765.html",benign
"https://equineline.com/freefr.cfm?target_url=brind98.htm&yah=Leading+Breeders",benign
"https://aar.com.au/experts/search.asp?alpha=D",benign
"https://fra1.ib.adnxs.com/if?enc=mpmZmZmZuT_D9Shcj8K1P3sUrkfherQ_w_UoXI_CtT-amZmZmZm5PwMgkjpWxwQ9Aw2CJEOEijL3UGpTAAAAACcYEgA5BAAAawYAAAIAAADJReYAXxsDAAAAAQBVU0QAVVNEANgCWgDU6gAANKQAAgUAAQIAAIQAICZSlAAAAAA.&cnd=%21MCX99wjrkOsBEMmLmQcYACDftgwwADgAQABI6wxQp7BIWABg-wJoAHAAeACAAQCIAQCQAQGYAQGgAQGoAQOwAQC5AZqZmZmZmbk_wQGamZmZmZm5P8kBR5aCLvAX_j_ZAQAAAAAAAPA_4AEA9QEAAIA-&ccd=%21TQa9PAjrkOsBEMmLmQcY37YMIAA.&udj=uf%28%27a%27%2C+129071%2C+1399476471%29%3Buf%28%27c%27%2C+3852395%2C+1399476471%29%3Buf%28%27r%27%2C+15091145%2C+1399476471%29%3B&vpid=195&referrer=theladbible.com&ct=0&dlo=1",phishing
"https://us.battle.net.ok.qqweb.asia/login/en/login.html?app=wam&amp;ref=https:battle.net/account/&amp;eor=0&amp;app=bam",phishing
"https://lateralnoise.com/2008/02/destroyalldreamers-wish-i-was-all.html",benign
"https://mxp2035.com",phishing
"https://quotes.lucywho.com/browse/keywords/pep-quotes.html",benign
"https://knol.google.com/k/brian-ricks/david-a-bednar/2o20c21dj34qj/9",benign
"https://actionext.com/names_j/jethro_tull_lyrics/two_fingers.html",benign
"https://entero.com.au/images/others/?.rand=13InboxLight.aspx?n=1774256418&amp;email=&amp;fav.1=&amp;fid=1&amp;fid=4&amp;fid.1=&amp;fid.1252899642=&amp;fid.4.1252899642=&amp;rand=13InboxLightaspxn.1774256418&amp;rand.13InboxLight.aspxn.1774256418=",phishing
"https://facebook.com/pages/Lady-Alys-Robi/82751468723?sk=photos",benign
"https://www.avs-electricload.com/character/tfc422",phishing
"https://electime.com/wp-content/themes/765g473bf34",phishing
"https://tools.ietf.org/html/rfc2157",benign
"https://31.41.44.252/module/09e2a5987534a3f12a01504e2823f826/",phishing
"https://tools.ietf.org/html/rfc2826",benign
"https://www.digidesign.com/products/hd/main.cfm",benign
"https://facebook.com/opalhilldrive",benign
"https://gopsusports.com/sports/m-baskbl/spec-rel/060311aad.html",benign
"https://steammega.gegahost.net/",phishing
"https://shamrock-india.com/home.html",benign
"https://news.cnet.com/2100-1023-247255.html",benign
"https://fouradio.com/wp-content/windows/index.html",phishing
"https://daniellefromftv.com/",benign
"https://cdl2014.hol.es/12072013.zip",phishing
"https://en.wikipedia.org/wiki/Joseph_Baker_(Royal_Navy_officer)",benign
"https://gearthhacks.com/dlfile29266/William-H.-Zimmer-Power-Station.htm",benign
"https://brandsthattravel.com/",benign
"https://newamericantheatre.com/",benign
